filename,building_name
training1.jpg,Arts
training2.jpg,Arts
training3.jpg,Arts
training4.jpg,Arts
training5.jpg,Arts
training6.jpg,Arts
training7.jpg,Arts
training8.jpg,Arts
training9.jpg,Arts
training10.jpg,Arts
training11.jpg,Arts
training12.jpg,Arts
training13.jpg,Arts
training14.jpg,Arts
training15.jpg,Arts
training16.jpg,Arts
training17.jpg,Arts
training18.jpg,Arts
training19.jpg,Arts
training20.jpg,Arts
training21.jpg,Arts
training22.jpg,Arts
training23.jpg,Arts
training24.jpg,Arts
training25.jpg,Arts
training26.jpg,Arts
training27.jpg,Arts
training28.jpg,Arts
training29.jpg,Arts
training30.jpg,Arts
training31.jpg,Arts
training32.jpg,Arts
training33.jpg,Arts
training34 - Copy.jpg,Arts
training34.jpg,Arts
training35 - Copy.jpg,Arts
training35.jpg,Arts
training36 - Copy.jpg,Arts
training36.jpg,Arts
training37.jpg,Arts
training38.jpg,Arts
training39.jpg,Arts
training40.jpg,Arts
training41.jpg,Iontas
training42.jpg,Iontas
training43.jpg,Iontas
training44.jpg,Iontas
training45.jpg,Iontas
training46.jpg,Iontas
training47.jpg,Iontas
training48.jpg,Iontas
training49.jpg,Iontas
training50.jpg,Iontas
training51.jpg,Iontas
training52.jpg,Iontas
training53.jpg,Iontas
training54.jpg,Iontas
training55.jpg,Iontas
training56.jpg,Iontas
training57.jpg,Iontas
training58.jpg,Iontas
training59.jpg,Iontas
training60.jpg,Iontas
training61.jpg,Iontas
training62.jpg,Iontas
training63.jpg,Iontas
training64.jpg,Iontas
training65.jpg,Iontas
training66.jpg,Iontas
training67.jpg,Iontas
training68.jpg,Iontas
training69.jpg,Iontas
training70.jpg,Iontas
training71.jpg,Iontas
training72.jpg,Iontas
training73.jpg,Iontas
training74.jpg,Iontas
training75.jpg,Iontas
training76.jpg,Iontas
training77.jpg,Iontas
training78.jpg,Iontas
training79.jpg,Iontas
training80.jpg,Iontas
training81.jpg,Engineering
training82.jpg,Engineering
training83.jpg,Engineering
training84.jpg,Engineering
training85.jpg,Engineering
training86.jpg,Engineering
training87.jpg,Engineering
training88.jpg,Engineering
training89.jpg,Engineering
training90.jpg,Engineering
training91.jpg,Engineering
training92.jpg,Engineering
training93.jpg,Engineering
training94.jpg,Engineering
training95.jpg,Engineering
training96.jpg,Engineering
training97.jpg,Engineering
training98.jpg,Engineering
training99.jpg,Engineering
training100.jpg,Engineering
training101.jpg,Engineering
training102.jpg,Engineering
training103.jpg,Engineering
training104.jpg,Engineering
training105.jpg,Engineering
training106.jpg,Engineering
training107.jpg,Engineering
training108.jpg,Engineering
training109.jpg,Engineering
training110.jpg,Engineering
training111.jpg,Engineering
training112.jpg,Engineering
training113.jpg,Engineering
training114.jpg,Engineering
training115.jpg,Engineering
training116.jpg,Engineering
training117.jpg,Engineering
training118.jpg,Engineering
training119.jpg,Engineering
training120.jpg,Engineering
training121 - Copy.jpg,Eolas
training121.jpg,Eolas
training122 - Copy.jpg,Eolas
training122.jpg,Eolas
training123 - Copy.jpg,Eolas
training123.jpg,Eolas
training124 - Copy.jpg,Eolas
training124.jpg,Eolas
training125 - Copy.jpg,Eolas
training125.jpg,Eolas
training126 - Copy.jpg,Eolas
training126.jpg,Eolas
training127 - Copy.jpg,Eolas
training127.jpg,Eolas
training128 - Copy.jpg,Eolas
training128.jpg,Eolas
training129 - Copy.jpg,Eolas
training129.jpg,Eolas
training130 - Copy.jpg,Eolas
training130.jpg,Eolas
training131 - Copy.jpg,Eolas
training131.jpg,Eolas
training132 - Copy.jpg,Eolas
training132.jpg,Eolas
training133 - Copy.jpg,Eolas
training133.jpg,Eolas
training134 - Copy.jpg,Eolas
training134.jpg,Eolas
training135 - Copy.jpg,Eolas
training135.jpg,Eolas
training136 - Copy.jpg,Eolas
training136.jpg,Eolas
training137 - Copy.jpg,Eolas
training137.jpg,Eolas
training138 - Copy.jpg,Eolas
training138.jpg,Eolas
training139 - Copy.jpg,Eolas
training139.jpg,Eolas
training140 - Copy.jpg,Eolas
training140.jpg,Eolas
training141 - Copy.jpg,Eolas
training141.jpg,Eolas
training142.jpg,Eolas
training143.jpg,Eolas
training144 - Copy.jpg,Eolas
training144.jpg,Eolas
training145.jpg,Eolas
training146 - Copy.jpg,Eolas
training146.jpg,Eolas
training147 - Copy.jpg,Eolas
training147.jpg,Eolas
training148 - Copy.jpg,Eolas
training148.jpg,Eolas
training149 - Copy.jpg,Eolas
training149.jpg,Eolas
training150 - Copy.jpg,Eolas
training150.jpg,Eolas
training151.jpg,Eolas
training152.jpg,Eolas
training153.jpg,Eolas
training154.jpg,Eolas
training155.jpg,Eolas
training156.jpg,Eolas
training157.jpg,Eolas
training158.jpg,Eolas
training159.jpg,Eolas
training160.jpg,Eolas
training161.jpg,JohnHume
training162.jpg,JohnHume
training163.jpg,JohnHume
training164.jpg,JohnHume
training165.jpg,JohnHume
training166.jpg,JohnHume
training167.jpg,JohnHume
training168.jpg,JohnHume
training169.jpg,JohnHume
training170.jpg,JohnHume
training171.jpg,JohnHume
training172.jpg,JohnHume
training173.jpg,JohnHume
training174.jpg,JohnHume
training175.jpg,JohnHume
training176.jpg,JohnHume
training177.jpg,JohnHume
training178.jpg,JohnHume
training179.jpg,JohnHume
training180.jpg,JohnHume
training181.jpg,JohnHume
training182.jpg,JohnHume
training183.jpg,JohnHume
training184.jpg,JohnHume
training185.jpg,JohnHume
training186.jpg,JohnHume
training187.jpg,JohnHume
training188.jpg,JohnHume
training189.jpg,JohnHume
training190.jpg,JohnHume
training191.jpg,JohnHume
training192.jpg,JohnHume
training193.jpg,JohnHume
training194.jpg,JohnHume
training195.jpg,JohnHume
training196.jpg,JohnHume
training197.jpg,JohnHume
training198.jpg,JohnHume
training199.jpg,JohnHume
training200.jpg,JohnHume
